assignment_id,employee_id,customer_id,project_id,assignment_start_date,assignment_end_date,allocation_percent,billing_rate,cost_rate
ASGN5000,EMP1144,CUST1003,PRJ2032,10/10/24,30/01/25,75,0,106.2
ASGN5001,EMP1110,CUST1037,PRJ2000,02/11/25,08/03/26,10,155.97,58.33
ASGN5002,EMP1093,CUST1044,PRJ2014,02/03/23,30/03/23,30,0,38.31
ASGN5003,EMP1156,CUST1039,PRJ2037,06/08/26,16/08/26,60,0,149.71
ASGN5004,EMP1064,CUST1048,PRJ2003,16/12/23,15/02/24,20,241.79,94.82
ASGN5005,EMP1088,CUST1018,PRJ2029,03/07/24,06/09/24,20,64.41,118.92
ASGN5006,EMP1181,CUST1048,PRJ2003,12/08/23,11/03/24,50,146.09,96.24
ASGN5007,EMP1064,CUST1001,PRJ2026,21/11/26,27/01/27,30,95.51,34.46
ASGN5008,EMP1070,CUST1031,PRJ2021,20/02/23,12/09/23,20,99.63,146.25
ASGN5009,EMP1150,CUST1001,PRJ2026,11/09/26,06/02/27,60,0,97.07
ASGN5010,EMP1147,CUST1046,PRJ2046,16/09/24,03/11/24,50,228.64,79.15
ASGN5011,EMP1080,CUST1030,PRJ2049,23/11/24,31/01/25,75,0,68.15
ASGN5012,EMP1076,CUST1001,PRJ2009,04/01/26,18/03/26,75,218.48,49.07
ASGN5013,EMP1000,CUST1015,PRJ2035,28/06/26,11/03/27,30,164.58,119.78
ASGN5014,EMP1037,CUST1009,PRJ2033,15/09/23,28/10/23,25,165.73,104.71
ASGN5015,EMP1075,CUST1036,PRJ2015,21/04/25,05/06/25,40,218.4,69.89
ASGN5016,EMP1124,CUST1039,PRJ2037,08/08/26,26/08/26,60,72.47,127.64
ASGN5017,EMP1183,CUST1016,PRJ2030,14/05/23,29/05/23,30,188.42,137.84
ASGN5018,EMP1040,CUST1048,PRJ2003,24/10/23,09/12/23,60,227.8,88.91
ASGN5019,EMP1100,CUST1029,PRJ2006,21/07/26,29/07/26,60,90.84,38.32
ASGN5020,EMP1095,CUST1039,PRJ2037,10/10/26,22/10/26,40,219.03,36.26
ASGN5021,EMP1003,CUST1024,PRJ2005,18/06/26,02/07/26,20,139.71,50.48
ASGN5022,EMP1074,CUST1027,PRJ2022,08/11/24,27/04/25,75,246.85,119.5
ASGN5023,EMP1154,CUST1022,PRJ2038,16/06/26,24/08/26,75,242.19,93.08
ASGN5024,EMP1145,CUST1036,PRJ2015,03/04/25,05/05/25,60,211.09,135.77
ASGN5025,EMP1074,CUST1030,PRJ2049,02/12/24,19/02/25,100,0,66.96
ASGN5026,EMP1177,CUST1044,PRJ2042,14/04/26,21/04/26,25,205.97,31.23
ASGN5027,EMP1180,CUST1035,PRJ2045,22/09/23,03/12/23,60,182.33,132.2
ASGN5028,EMP1055,CUST1015,PRJ2035,01/09/26,27/02/27,25,0,120.2
ASGN5029,EMP1013,CUST1027,PRJ2022,26/07/24,11/10/24,75,135.42,52.4
ASGN5030,EMP1158,CUST1009,PRJ2024,08/01/27,31/01/27,100,184.51,45.18
ASGN5031,EMP1158,CUST1037,PRJ2027,02/08/25,01/09/25,25,0,136.55
ASGN5032,EMP1017,CUST1027,PRJ2022,19/08/24,26/11/24,100,0,54.19
ASGN5033,EMP1166,CUST1035,PRJ2045,27/09/23,08/02/24,75,210.24,30.94
ASGN5034,EMP1063,CUST1012,PRJ2044,24/09/24,20/04/25,50,222.34,58
ASGN5035,EMP1118,CUST1004,PRJ2023,24/05/23,30/07/23,40,0,48.74
ASGN5036,EMP1043,CUST1009,PRJ2039,26/03/27,21/05/27,20,0,143.79
ASGN5037,EMP1041,CUST1036,PRJ2031,29/06/24,13/07/24,100,156.56,118.15
ASGN5038,EMP1073,CUST1000,PRJ2018,11/03/27,29/05/27,30,72.11,127.76
ASGN5039,EMP1023,CUST1009,PRJ2034,01/08/23,22/08/23,20,185.01,80.43
ASGN5040,EMP1141,CUST1030,PRJ2049,13/01/25,22/01/25,10,0,90.61
ASGN5041,EMP1100,CUST1029,PRJ2006,21/07/26,05/08/26,100,0,86.51
ASGN5042,EMP1052,CUST1045,PRJ2025,27/12/25,21/02/26,60,102.84,35.86
ASGN5043,EMP1084,CUST1036,PRJ2031,13/06/24,25/06/24,60,193.79,128.08
ASGN5044,EMP1113,CUST1022,PRJ2038,28/09/26,18/10/26,75,0,76.25
ASGN5045,EMP1060,CUST1003,PRJ2032,26/10/24,10/04/25,50,67.11,50.74
ASGN5046,EMP1150,CUST1009,PRJ2039,30/10/26,27/02/27,60,106.61,140
ASGN5047,EMP1041,CUST1044,PRJ2042,01/02/26,26/03/26,60,90.76,54.24
ASGN5048,EMP1100,CUST1012,PRJ2044,05/11/24,03/12/24,60,75.11,66.31
ASGN5049,EMP1134,CUST1045,PRJ2025,11/02/26,11/03/26,25,0,147.96
ASGN5050,EMP1143,CUST1025,PRJ2017,19/04/24,27/04/24,30,188.95,74.64
ASGN5051,EMP1086,CUST1000,PRJ2020,23/12/24,02/01/25,25,121.2,60.51
ASGN5052,EMP1012,CUST1024,PRJ2005,29/06/26,12/07/26,60,105.29,112.58
ASGN5053,EMP1089,CUST1049,PRJ2036,11/04/26,05/06/26,75,0,78.2
ASGN5054,EMP1190,CUST1032,PRJ2043,14/11/24,24/12/24,20,186.86,104.61
ASGN5055,EMP1133,CUST1046,PRJ2046,13/09/24,15/10/24,50,126.61,105.54
ASGN5056,EMP1081,CUST1003,PRJ2032,02/09/24,26/09/24,75,135.65,82.95
ASGN5057,EMP1020,CUST1037,PRJ2027,11/07/25,16/07/25,75,77.96,67.08
ASGN5058,EMP1090,CUST1049,PRJ2036,08/05/26,13/05/26,60,91.58,98.49
ASGN5059,EMP1163,CUST1003,PRJ2032,11/01/25,22/01/25,100,95.64,78.36
ASGN5060,EMP1000,CUST1004,PRJ2023,05/09/23,06/11/23,10,0,136.03
ASGN5061,EMP1008,CUST1039,PRJ2037,30/09/26,23/10/26,30,75.28,137.96
ASGN5062,EMP1020,CUST1009,PRJ2033,23/07/23,04/08/23,100,0,127.82
ASGN5063,EMP1095,CUST1025,PRJ2017,13/04/24,25/04/24,50,0,111.51
ASGN5064,EMP1086,CUST1009,PRJ2039,28/09/26,11/12/26,10,127.09,65.76
ASGN5065,EMP1155,CUST1044,PRJ2014,22/04/23,28/04/23,30,95.41,41.78
ASGN5066,EMP1020,CUST1003,PRJ2007,25/05/23,07/06/23,75,71.16,34.46
ASGN5067,EMP1148,CUST1047,PRJ2013,16/12/24,10/02/25,50,66.16,57.92
ASGN5068,EMP1197,CUST1017,PRJ2040,17/06/26,08/07/26,30,0,53.88
ASGN5069,EMP1045,CUST1047,PRJ2013,18/02/25,01/03/25,100,121.67,56.29
ASGN5070,EMP1151,CUST1024,PRJ2005,05/08/25,06/02/26,75,64,74.22
ASGN5071,EMP1056,CUST1009,PRJ2039,02/10/26,16/05/27,40,0,126.81
ASGN5072,EMP1132,CUST1047,PRJ2013,21/10/24,20/12/24,75,244.33,76.82
ASGN5073,EMP1024,CUST1048,PRJ2003,07/03/24,23/03/24,40,62.14,72.23
ASGN5074,EMP1019,CUST1003,PRJ2007,09/06/23,14/06/23,25,0,107.62
ASGN5075,EMP1195,CUST1030,PRJ2049,15/09/24,04/02/25,100,0,54.82
ASGN5076,EMP1188,CUST1044,PRJ2042,06/04/26,15/04/26,50,0,118.8
ASGN5077,EMP1159,CUST1000,PRJ2018,12/01/27,19/03/27,50,0,101.92
ASGN5078,EMP1096,CUST1000,PRJ2018,09/05/27,07/08/27,60,168.85,149.3
ASGN5079,EMP1151,CUST1037,PRJ2000,08/05/26,25/05/26,20,247.02,118.81
ASGN5080,EMP1169,CUST1032,PRJ2043,03/08/24,22/12/24,20,230.06,91.67
ASGN5081,EMP1134,CUST1046,PRJ2046,06/09/24,11/10/24,75,0,103.63
ASGN5082,EMP1107,CUST1017,PRJ2040,26/05/26,24/06/26,60,108.06,81.62
ASGN5083,EMP1033,CUST1027,PRJ2022,09/09/24,22/05/25,100,0,61.86
ASGN5084,EMP1195,CUST1015,PRJ2004,24/02/24,26/03/24,75,209.94,70.33
ASGN5085,EMP1045,CUST1022,PRJ2038,20/08/26,11/09/26,60,248.76,75.22
ASGN5086,EMP1113,CUST1044,PRJ2042,23/11/25,28/11/25,30,169.52,149.72
ASGN5087,EMP1012,CUST1000,PRJ2020,21/01/25,29/01/25,10,0,110.74
ASGN5088,EMP1044,CUST1044,PRJ2014,25/03/23,07/04/23,50,0,70.05
ASGN5089,EMP1039,CUST1011,PRJ2008,06/06/26,25/06/26,50,224.4,120.16
ASGN5090,EMP1072,CUST1017,PRJ2040,21/01/26,01/08/26,30,0,125.15
ASGN5091,EMP1043,CUST1022,PRJ2028,27/09/26,29/10/26,40,229.21,39.27
ASGN5092,EMP1112,CUST1016,PRJ2030,28/04/23,19/05/23,20,202.82,142.22
ASGN5093,EMP1011,CUST1049,PRJ2036,17/06/26,26/06/26,75,157.65,46.07
ASGN5094,EMP1082,CUST1029,PRJ2006,06/07/26,12/07/26,10,235.07,92.71
ASGN5095,EMP1122,CUST1049,PRJ2036,15/04/26,08/05/26,60,70.97,113.56
ASGN5096,EMP1099,CUST1036,PRJ2041,15/04/23,05/05/23,75,249.31,57.9
ASGN5097,EMP1116,CUST1044,PRJ2042,19/03/26,16/04/26,50,0,106.35
ASGN5098,EMP1039,CUST1026,PRJ2047,27/06/23,15/08/23,75,0,120.6
ASGN5099,EMP1100,CUST1003,PRJ2012,01/01/26,12/02/26,75,143.43,57.9
ASGN5100,EMP1170,CUST1009,PRJ2033,19/10/23,31/10/23,10,125.52,48.53
ASGN5101,EMP1015,CUST1027,PRJ2022,04/10/24,31/12/24,75,116.86,145.75
ASGN5102,EMP1079,CUST1022,PRJ2028,14/06/26,09/08/26,25,61.97,48.97
ASGN5103,EMP1095,CUST1036,PRJ2031,19/06/24,11/07/24,60,91.67,107.21
ASGN5104,EMP1059,CUST1009,PRJ2033,19/07/23,29/10/23,100,98.6,113.96
ASGN5105,EMP1053,CUST1029,PRJ2006,30/06/26,10/07/26,30,101.72,98.16
ASGN5106,EMP1088,CUST1045,PRJ2025,04/12/25,02/02/26,50,135.94,145.15
ASGN5107,EMP1107,CUST1037,PRJ2027,25/08/25,31/08/25,60,0,35.57
ASGN5108,EMP1184,CUST1037,PRJ2016,10/06/23,24/06/23,20,0,51.86
ASGN5109,EMP1179,CUST1045,PRJ2025,15/02/26,28/02/26,100,0,116.36
ASGN5110,EMP1027,CUST1007,PRJ2002,05/02/26,25/04/26,40,130.51,88.92
ASGN5111,EMP1020,CUST1009,PRJ2039,27/01/27,14/05/27,20,70.15,64.47
ASGN5112,EMP1061,CUST1030,PRJ2049,02/12/24,17/01/25,40,203.16,47.92
ASGN5113,EMP1091,CUST1039,PRJ2037,26/08/26,07/09/26,30,185.76,83.11
ASGN5114,EMP1145,CUST1001,PRJ2026,23/08/26,01/12/26,20,0,91.52
ASGN5115,EMP1079,CUST1037,PRJ2016,06/06/23,18/06/23,30,165.72,73.66
ASGN5116,EMP1154,CUST1039,PRJ2037,13/07/26,19/09/26,10,175.56,82.19
ASGN5117,EMP1022,CUST1036,PRJ2041,01/06/23,22/06/23,25,90.92,56.12
ASGN5118,EMP1198,CUST1031,PRJ2021,11/09/23,21/09/23,75,186.74,57.66
ASGN5119,EMP1044,CUST1036,PRJ2015,01/05/25,22/06/25,40,160.4,75.05
ASGN5120,EMP1041,CUST1046,PRJ2046,11/09/24,02/11/24,50,0,47.2
ASGN5121,EMP1032,CUST1003,PRJ2032,02/04/25,12/04/25,20,114.68,120
ASGN5122,EMP1024,CUST1003,PRJ2012,12/05/25,19/09/25,25,122.25,75.58
ASGN5123,EMP1051,CUST1016,PRJ2030,28/06/23,09/07/23,40,178.92,62.75
ASGN5124,EMP1132,CUST1030,PRJ2049,23/09/24,03/03/25,30,210.08,134.66
ASGN5125,EMP1030,CUST1016,PRJ2019,14/09/26,06/11/26,100,0,108.11
ASGN5126,EMP1004,CUST1036,PRJ2041,05/05/23,20/05/23,40,0,75.69
ASGN5127,EMP1140,CUST1012,PRJ2044,28/10/24,14/03/25,10,0,35.81
ASGN5128,EMP1197,CUST1018,PRJ2029,30/07/24,09/08/24,10,146.33,121.6
ASGN5129,EMP1145,CUST1049,PRJ2036,31/03/26,25/06/26,40,81.15,91.24
ASGN5130,EMP1174,CUST1003,PRJ2032,12/02/25,17/03/25,100,138.55,77.01
ASGN5131,EMP1018,CUST1000,PRJ2018,20/01/27,06/04/27,40,61.05,79.12
ASGN5132,EMP1191,CUST1047,PRJ2001,01/07/26,24/09/26,50,227.47,61.82
ASGN5133,EMP1161,CUST1004,PRJ2023,11/07/23,28/11/23,30,183.77,105.62
ASGN5134,EMP1091,CUST1018,PRJ2029,28/06/24,23/07/24,10,112.95,124.01
ASGN5135,EMP1001,CUST1016,PRJ2030,10/05/23,17/05/23,100,209.93,113.2
ASGN5136,EMP1149,CUST1003,PRJ2032,04/09/24,19/09/24,100,92.96,98.78
ASGN5137,EMP1060,CUST1026,PRJ2047,20/07/23,10/08/23,30,178.11,50.27
ASGN5138,EMP1096,CUST1039,PRJ2037,20/07/26,16/08/26,60,138.34,69.16
ASGN5139,EMP1053,CUST1003,PRJ2012,26/10/25,09/02/26,30,201.75,117.52
ASGN5140,EMP1081,CUST1009,PRJ2039,12/12/26,09/03/27,30,117.8,82
ASGN5141,EMP1094,CUST1009,PRJ2034,15/03/23,12/11/23,25,0,115.4
ASGN5142,EMP1011,CUST1025,PRJ2017,16/03/24,29/04/24,60,0,147.8
ASGN5143,EMP1150,CUST1025,PRJ2017,05/04/24,12/04/24,25,0,138.54
ASGN5144,EMP1021,CUST1047,PRJ2013,06/11/24,28/01/25,40,197.29,33.74
ASGN5145,EMP1145,CUST1003,PRJ2007,04/06/23,11/06/23,75,179.7,37.52
ASGN5146,EMP1032,CUST1017,PRJ2040,31/10/25,01/06/26,75,246.9,133.62
ASGN5147,EMP1153,CUST1048,PRJ2003,14/11/23,25/01/24,30,167.49,106.72
ASGN5148,EMP1033,CUST1000,PRJ2018,09/03/27,31/03/27,50,90.31,79.33
ASGN5149,EMP1054,CUST1044,PRJ2014,06/04/23,19/04/23,50,134.56,119.36
ASGN5150,EMP1168,CUST1039,PRJ2037,14/09/26,21/10/26,30,233.17,106.98
ASGN5151,EMP1090,CUST1011,PRJ2008,11/06/26,21/06/26,30,0,64.95
ASGN5152,EMP1012,CUST1003,PRJ2007,06/06/23,18/06/23,50,206.56,112.31
ASGN5153,EMP1154,CUST1044,PRJ2042,04/02/26,11/04/26,40,0,120.3
ASGN5154,EMP1131,CUST1003,PRJ2032,20/10/24,09/12/24,40,77.99,116.82
ASGN5155,EMP1190,CUST1048,PRJ2003,10/02/24,16/03/24,40,0,101.61
ASGN5156,EMP1189,CUST1009,PRJ2033,04/08/23,12/10/23,20,76.53,102.6
ASGN5157,EMP1004,CUST1007,PRJ2002,13/04/26,29/06/26,10,98.61,94.54
ASGN5158,EMP1008,CUST1018,PRJ2011,18/10/26,19/11/26,60,0,149.59
ASGN5159,EMP1090,CUST1016,PRJ2019,16/07/26,26/12/26,40,141.94,31.83
ASGN5160,EMP1182,CUST1047,PRJ2013,11/01/25,11/02/25,40,229.44,108.83
ASGN5161,EMP1157,CUST1009,PRJ2033,31/10/23,16/11/23,30,0,89
ASGN5162,EMP1125,CUST1001,PRJ2009,21/07/25,27/01/26,60,131.08,70.92
ASGN5163,EMP1154,CUST1039,PRJ2037,11/09/26,19/09/26,30,189.02,144.81
ASGN5164,EMP1095,CUST1045,PRJ2025,26/02/26,05/03/26,30,123.59,125.58
ASGN5165,EMP1008,CUST1000,PRJ2020,11/12/24,22/01/25,20,119.9,93.18
ASGN5166,EMP1175,CUST1045,PRJ2025,12/11/25,23/11/25,25,0,129.15
ASGN5167,EMP1020,CUST1047,PRJ2013,19/11/24,13/01/25,75,0,128.49
ASGN5168,EMP1088,CUST1036,PRJ2015,05/04/25,01/05/25,75,95.38,100.32
ASGN5169,EMP1154,CUST1003,PRJ2012,06/07/25,22/10/25,30,0,71.14
ASGN5170,EMP1012,CUST1012,PRJ2044,13/05/25,13/06/25,10,78.86,147.65
ASGN5171,EMP1136,CUST1030,PRJ2049,29/08/24,09/12/24,75,164.33,125.48
ASGN5172,EMP1171,CUST1015,PRJ2004,21/11/23,17/12/23,100,0,36.46
ASGN5173,EMP1125,CUST1015,PRJ2004,24/04/24,01/05/24,50,127.99,89.83
ASGN5174,EMP1122,CUST1032,PRJ2043,11/01/25,19/01/25,75,0,77.81
ASGN5175,EMP1177,CUST1004,PRJ2023,03/01/24,17/01/24,10,138.16,107.32
ASGN5176,EMP1182,CUST1047,PRJ2013,13/12/24,17/01/25,100,0,61.64
ASGN5177,EMP1047,CUST1037,PRJ2000,18/02/26,24/03/26,50,0,75.61
ASGN5178,EMP1095,CUST1046,PRJ2046,13/09/24,28/10/24,40,219.8,64.1
ASGN5179,EMP1090,CUST1037,PRJ2027,02/09/25,07/09/25,20,246.48,38.37
ASGN5180,EMP1024,CUST1047,PRJ2001,18/07/26,21/09/26,50,210.15,146.68
ASGN5181,EMP1172,CUST1015,PRJ2035,05/10/26,07/12/26,25,74.37,131.92
ASGN5182,EMP1161,CUST1036,PRJ2041,16/06/23,22/06/23,100,130.64,78.54
ASGN5183,EMP1075,CUST1000,PRJ2018,02/05/27,27/06/27,100,0,42.75
ASGN5184,EMP1007,CUST1017,PRJ2040,28/11/25,16/01/26,75,0,143.64
ASGN5185,EMP1000,CUST1029,PRJ2006,06/07/26,24/07/26,10,103.4,128.13
ASGN5186,EMP1129,CUST1007,PRJ2002,08/02/26,29/07/26,30,69.76,101.85
ASGN5187,EMP1055,CUST1003,PRJ2012,28/01/26,05/02/26,20,0,63.75
ASGN5188,EMP1197,CUST1001,PRJ2026,10/03/27,24/03/27,10,226.68,121.49
ASGN5189,EMP1165,CUST1024,PRJ2005,03/07/26,11/07/26,60,0,125.67
ASGN5190,EMP1078,CUST1000,PRJ2020,03/01/25,09/01/25,40,246.68,119.15
ASGN5191,EMP1063,CUST1049,PRJ2010,10/08/26,20/08/26,60,66.25,88.16
ASGN5192,EMP1022,CUST1007,PRJ2002,24/04/26,28/07/26,20,0,115.2
ASGN5193,EMP1051,CUST1018,PRJ2011,22/10/26,30/10/26,10,201.37,66.8
ASGN5194,EMP1019,CUST1048,PRJ2003,14/08/23,18/01/24,100,168.14,129.36
ASGN5195,EMP1035,CUST1004,PRJ2023,24/07/23,05/11/23,40,210.16,147.4
ASGN5196,EMP1138,CUST1032,PRJ2043,28/09/24,25/10/24,40,132.34,87.03
ASGN5197,EMP1067,CUST1009,PRJ2024,03/12/26,13/08/27,30,106.32,109.84
ASGN5198,EMP1031,CUST1015,PRJ2035,28/06/26,21/09/26,60,0,114.92
ASGN5199,EMP1063,CUST1049,PRJ2036,04/06/26,14/06/26,40,160.76,87.6
ASGN5200,EMP1130,CUST1044,PRJ2014,06/03/23,20/03/23,30,109.51,34.85
ASGN5201,EMP1082,CUST1031,PRJ2021,03/06/23,28/08/23,75,98.43,73.93
ASGN5202,EMP1090,CUST1037,PRJ2016,27/05/23,02/06/23,60,84.75,71.74
ASGN5203,EMP1108,CUST1004,PRJ2023,23/09/23,05/11/23,25,133.3,54.87
ASGN5204,EMP1118,CUST1022,PRJ2038,30/08/26,08/09/26,100,106.69,61.04
ASGN5205,EMP1123,CUST1031,PRJ2048,30/06/24,18/07/24,25,182.73,67.75
ASGN5206,EMP1029,CUST1037,PRJ2000,23/04/26,28/04/26,25,169.1,125.95
ASGN5207,EMP1049,CUST1011,PRJ2008,13/06/26,24/06/26,25,0,131.61
ASGN5208,EMP1136,CUST1004,PRJ2023,12/12/23,13/01/24,100,88.09,134.73
ASGN5209,EMP1013,CUST1049,PRJ2036,30/05/26,05/06/26,100,151.48,143.46
ASGN5210,EMP1169,CUST1001,PRJ2026,28/11/26,12/01/27,10,141.08,44.95
ASGN5211,EMP1097,CUST1022,PRJ2038,10/08/26,15/09/26,20,149.43,110.83
ASGN5212,EMP1131,CUST1029,PRJ2006,10/07/26,25/07/26,50,0,117.32
ASGN5213,EMP1036,CUST1000,PRJ2018,14/04/27,11/05/27,75,0,72.92
ASGN5214,EMP1010,CUST1009,PRJ2024,18/02/27,08/08/27,75,245.25,127.57
ASGN5215,EMP1082,CUST1029,PRJ2006,27/07/26,05/08/26,25,131.56,39.16
ASGN5216,EMP1143,CUST1025,PRJ2017,02/04/24,25/04/24,75,164.67,149.34
ASGN5217,EMP1029,CUST1024,PRJ2005,28/01/26,23/04/26,30,97.65,67.24
ASGN5218,EMP1054,CUST1031,PRJ2048,27/06/24,03/07/24,50,131.02,111.25
ASGN5219,EMP1173,CUST1009,PRJ2039,22/07/26,23/10/26,25,133.78,83.61
ASGN5220,EMP1164,CUST1036,PRJ2031,03/07/24,09/07/24,60,99.32,113.41
ASGN5221,EMP1064,CUST1015,PRJ2004,10/08/23,05/03/24,10,178.16,39.27
ASGN5222,EMP1132,CUST1022,PRJ2038,27/10/26,02/11/26,10,0,78.79
ASGN5223,EMP1089,CUST1016,PRJ2019,12/05/26,19/01/27,30,0,138.13
ASGN5224,EMP1073,CUST1011,PRJ2008,21/05/26,26/05/26,50,167.5,107.4
ASGN5225,EMP1077,CUST1001,PRJ2009,25/08/25,08/12/25,100,207.65,140.05
ASGN5226,EMP1059,CUST1007,PRJ2002,02/01/26,24/03/26,20,138.13,116.42
ASGN5227,EMP1048,CUST1029,PRJ2006,22/07/26,05/08/26,60,205.66,94.72
ASGN5228,EMP1148,CUST1047,PRJ2001,11/04/26,27/09/26,25,142.47,147.55
ASGN5229,EMP1158,CUST1039,PRJ2037,16/08/26,21/10/26,40,0,131.6
ASGN5230,EMP1081,CUST1037,PRJ2000,15/04/26,12/05/26,100,0,115.5
ASGN5231,EMP1044,CUST1031,PRJ2021,24/02/23,01/08/23,60,119.26,87.64
ASGN5232,EMP1090,CUST1001,PRJ2026,04/09/26,12/12/26,100,220.96,48.34
ASGN5233,EMP1008,CUST1030,PRJ2049,18/11/24,25/11/24,75,214.06,71.72
ASGN5234,EMP1168,CUST1007,PRJ2002,02/06/26,20/06/26,25,126.64,53.94
ASGN5235,EMP1070,CUST1001,PRJ2026,13/09/26,13/01/27,40,0,91.08
ASGN5236,EMP1109,CUST1022,PRJ2028,20/08/26,14/09/26,20,66.9,125.57
ASGN5237,EMP1013,CUST1037,PRJ2000,22/02/26,09/03/26,20,210.07,107.41
ASGN5238,EMP1121,CUST1018,PRJ2011,15/10/26,12/11/26,50,173.54,87.54
ASGN5239,EMP1009,CUST1045,PRJ2025,01/12/25,05/02/26,60,71.88,66.87
ASGN5240,EMP1198,CUST1000,PRJ2020,09/12/24,10/01/25,40,0,32.79
ASGN5241,EMP1139,CUST1003,PRJ2012,19/01/26,01/02/26,75,134.06,76.15
ASGN5242,EMP1087,CUST1044,PRJ2014,12/04/23,22/04/23,75,76.35,125.81
ASGN5243,EMP1179,CUST1031,PRJ2048,17/06/24,21/07/24,40,235.04,144.52
ASGN5244,EMP1141,CUST1037,PRJ2027,10/06/25,19/07/25,20,96.76,107.2
ASGN5245,EMP1026,CUST1047,PRJ2013,23/10/24,26/11/24,10,181.76,104.23
ASGN5246,EMP1063,CUST1048,PRJ2003,29/02/24,19/03/24,100,164.7,69.66
ASGN5247,EMP1086,CUST1036,PRJ2031,01/07/24,14/07/24,75,219.31,66.03
ASGN5248,EMP1135,CUST1000,PRJ2018,22/12/26,28/03/27,25,0,140.09
ASGN5249,EMP1090,CUST1039,PRJ2037,01/09/26,07/09/26,30,157.96,134.49
ASGN5250,EMP1147,CUST1015,PRJ2004,16/02/24,09/03/24,30,98.79,138.45
ASGN5251,EMP1061,CUST1022,PRJ2038,09/07/26,02/08/26,60,130.64,117.28
ASGN5252,EMP1061,CUST1017,PRJ2040,01/06/26,07/08/26,30,202.66,44.68
ASGN5253,EMP1121,CUST1001,PRJ2026,24/11/26,09/02/27,50,144.85,73.09
ASGN5254,EMP1155,CUST1015,PRJ2035,22/10/26,24/12/26,50,0,51.52
ASGN5255,EMP1078,CUST1025,PRJ2017,07/03/24,18/04/24,25,132.92,31.05
ASGN5256,EMP1044,CUST1030,PRJ2049,02/08/24,22/01/25,50,115,62.36
ASGN5257,EMP1179,CUST1024,PRJ2005,19/05/26,27/06/26,100,193.18,126.59
ASGN5258,EMP1110,CUST1025,PRJ2017,22/03/24,16/04/24,10,0,116.6
ASGN5259,EMP1163,CUST1030,PRJ2049,03/11/24,11/11/24,20,0,86.06
ASGN5260,EMP1185,CUST1001,PRJ2026,11/01/27,24/03/27,10,80.87,68.92
ASGN5261,EMP1163,CUST1016,PRJ2030,01/06/23,05/07/23,60,0,114.53
ASGN5262,EMP1082,CUST1022,PRJ2038,30/07/26,14/08/26,20,105.11,31.23
ASGN5263,EMP1175,CUST1032,PRJ2043,18/06/24,25/10/24,40,0,108.59
ASGN5264,EMP1147,CUST1000,PRJ2018,03/04/27,20/07/27,60,0,78.56
ASGN5265,EMP1057,CUST1018,PRJ2029,08/07/24,03/09/24,20,88.29,143.73
ASGN5266,EMP1100,CUST1045,PRJ2025,19/01/26,05/02/26,30,177.57,89.75
ASGN5267,EMP1013,CUST1037,PRJ2000,05/11/25,11/05/26,30,66.32,38.62
ASGN5268,EMP1151,CUST1009,PRJ2034,12/08/23,25/11/23,100,238.91,59.31
ASGN5269,EMP1008,CUST1000,PRJ2020,13/01/25,22/01/25,30,163.72,84.44
ASGN5270,EMP1061,CUST1009,PRJ2033,05/07/23,17/08/23,75,81.79,89.02
ASGN5271,EMP1101,CUST1015,PRJ2035,21/07/26,15/08/26,75,0,35.71
ASGN5272,EMP1178,CUST1037,PRJ2000,15/07/25,06/12/25,25,208.17,43.87
ASGN5273,EMP1125,CUST1022,PRJ2028,23/05/26,08/10/26,75,117.54,119.41
ASGN5274,EMP1065,CUST1037,PRJ2016,24/05/23,05/06/23,40,61.16,126.23
ASGN5275,EMP1094,CUST1030,PRJ2049,03/12/24,23/02/25,30,0,85.05
ASGN5276,EMP1026,CUST1036,PRJ2041,20/06/23,29/06/23,50,235.7,137.37
ASGN5277,EMP1068,CUST1047,PRJ2013,14/12/24,17/02/25,75,180.16,97.74
ASGN5278,EMP1006,CUST1015,PRJ2035,04/02/27,11/02/27,20,98.59,70.22
ASGN5279,EMP1064,CUST1000,PRJ2020,01/01/25,15/01/25,100,136.88,92.45
ASGN5280,EMP1188,CUST1030,PRJ2049,30/08/24,26/09/24,30,0,122.56
ASGN5281,EMP1019,CUST1000,PRJ2018,02/06/27,14/07/27,10,0,84.9
ASGN5282,EMP1005,CUST1018,PRJ2029,05/03/24,01/04/24,60,216.21,32.7
ASGN5283,EMP1142,CUST1037,PRJ2000,18/10/25,13/11/25,60,0,71.26
ASGN5284,EMP1156,CUST1022,PRJ2028,21/09/26,22/10/26,40,147.45,124.63
ASGN5285,EMP1120,CUST1026,PRJ2047,04/10/23,18/10/23,30,225.48,135.84
ASGN5286,EMP1089,CUST1011,PRJ2008,04/06/26,19/06/26,25,106,126.7
ASGN5287,EMP1174,CUST1011,PRJ2008,16/05/26,22/05/26,20,146.89,149.47
ASGN5288,EMP1104,CUST1025,PRJ2017,12/03/24,02/04/24,20,192.72,133.07
ASGN5289,EMP1038,CUST1004,PRJ2023,31/07/23,02/12/23,25,165.66,64.19
ASGN5290,EMP1096,CUST1047,PRJ2013,10/01/25,18/01/25,75,149.45,37.19
ASGN5291,EMP1186,CUST1037,PRJ2000,07/08/25,21/10/25,75,114.21,119.29
ASGN5292,EMP1002,CUST1003,PRJ2007,16/05/23,24/05/23,25,0,147.7
ASGN5293,EMP1071,CUST1017,PRJ2040,26/12/25,01/08/26,30,0,104.45
ASGN5294,EMP1131,CUST1025,PRJ2017,25/03/24,23/04/24,100,64.48,36.99
ASGN5295,EMP1195,CUST1000,PRJ2018,25/12/26,12/01/27,100,0,65.06
ASGN5296,EMP1188,CUST1036,PRJ2015,21/04/25,23/05/25,100,62.34,51.83
ASGN5297,EMP1188,CUST1044,PRJ2042,14/03/26,30/03/26,20,155.83,85.85
ASGN5298,EMP1197,CUST1001,PRJ2026,17/09/26,13/03/27,60,0,105.31
ASGN5299,EMP1038,CUST1030,PRJ2049,20/01/25,01/02/25,20,216.23,56.7
ASGN5300,EMP1014,CUST1049,PRJ2010,07/01/27,23/01/27,40,200.62,107.04
ASGN5301,EMP1138,CUST1017,PRJ2040,28/03/26,23/04/26,50,83.9,132.91
ASGN5302,EMP1051,CUST1030,PRJ2049,16/02/25,23/02/25,20,242.06,68.61
ASGN5303,EMP1094,CUST1007,PRJ2002,03/02/26,21/07/26,10,69.75,102.85
ASGN5304,EMP1096,CUST1047,PRJ2013,06/11/24,28/12/24,60,188.59,44.64
ASGN5305,EMP1114,CUST1001,PRJ2009,01/02/26,12/04/26,10,63.98,62.06
ASGN5306,EMP1053,CUST1022,PRJ2038,29/07/26,02/11/26,60,249.19,51.63
ASGN5307,EMP1111,CUST1001,PRJ2026,28/02/27,11/03/27,50,0,140.94
ASGN5308,EMP1016,CUST1007,PRJ2002,18/03/26,02/07/26,50,0,61.56
ASGN5309,EMP1068,CUST1022,PRJ2038,07/07/26,22/09/26,25,0,104.38
ASGN5310,EMP1018,CUST1001,PRJ2009,19/12/25,17/01/26,60,128.06,141.78
ASGN5311,EMP1103,CUST1003,PRJ2032,28/01/25,31/03/25,30,84.63,94.6
ASGN5312,EMP1136,CUST1017,PRJ2040,21/10/25,05/04/26,75,72.49,84.46
ASGN5313,EMP1034,CUST1025,PRJ2017,15/04/24,23/04/24,20,103.89,119.22
ASGN5314,EMP1118,CUST1015,PRJ2035,26/11/26,12/02/27,75,65.13,54.39
ASGN5315,EMP1111,CUST1039,PRJ2037,28/07/26,21/08/26,50,140.08,76.74
ASGN5316,EMP1007,CUST1016,PRJ2019,24/09/26,08/10/26,50,165.36,42.2
ASGN5317,EMP1177,CUST1016,PRJ2030,20/06/23,08/07/23,40,112.18,103.38
ASGN5318,EMP1107,CUST1017,PRJ2040,30/11/25,20/07/26,100,232.79,43.45
ASGN5319,EMP1165,CUST1000,PRJ2020,31/12/24,10/01/25,60,0,121.3
ASGN5320,EMP1159,CUST1036,PRJ2015,09/04/25,17/04/25,25,165.11,60.1
ASGN5321,EMP1140,CUST1016,PRJ2030,28/05/23,01/07/23,50,83.19,133.9
ASGN5322,EMP1105,CUST1022,PRJ2038,24/07/26,22/09/26,40,105.32,120.67
ASGN5323,EMP1064,CUST1018,PRJ2029,25/03/24,30/03/24,25,0,89.68
ASGN5324,EMP1162,CUST1012,PRJ2044,17/09/24,04/11/24,100,0,123.57
ASGN5325,EMP1062,CUST1004,PRJ2023,16/05/23,09/09/23,50,125.17,61.83
ASGN5326,EMP1102,CUST1045,PRJ2025,02/02/26,12/03/26,75,85.31,149.03
ASGN5327,EMP1009,CUST1001,PRJ2026,16/02/27,21/03/27,100,0,125.51
ASGN5328,EMP1092,CUST1036,PRJ2031,22/06/24,28/06/24,50,92.05,63.38
ASGN5329,EMP1080,CUST1015,PRJ2035,16/08/26,21/01/27,25,154.61,64.59
ASGN5330,EMP1128,CUST1032,PRJ2043,29/12/24,27/01/25,20,236.28,67.42
ASGN5331,EMP1132,CUST1011,PRJ2008,16/06/26,26/06/26,25,0,92.54
ASGN5332,EMP1044,CUST1022,PRJ2038,12/07/26,01/11/26,20,168.49,52.93
ASGN5333,EMP1176,CUST1009,PRJ2033,17/10/23,05/11/23,50,119.32,115.29
ASGN5334,EMP1074,CUST1009,PRJ2039,17/12/26,05/04/27,40,0,100.37
ASGN5335,EMP1065,CUST1036,PRJ2041,26/04/23,18/05/23,25,204.14,43.96
ASGN5336,EMP1170,CUST1031,PRJ2021,23/06/23,04/09/23,20,98.55,52.22
ASGN5337,EMP1039,CUST1003,PRJ2012,08/12/25,18/01/26,75,226.45,38.62
ASGN5338,EMP1118,CUST1017,PRJ2040,11/06/26,10/07/26,30,101.75,121.78
ASGN5339,EMP1039,CUST1001,PRJ2026,05/09/26,27/09/26,60,94.26,66.69
ASGN5340,EMP1153,CUST1011,PRJ2008,08/06/26,26/06/26,20,106.68,115.45
ASGN5341,EMP1188,CUST1000,PRJ2020,22/01/25,28/01/25,25,201.1,98.78
ASGN5342,EMP1090,CUST1037,PRJ2016,28/05/23,18/06/23,30,128.47,90.49
ASGN5343,EMP1196,CUST1030,PRJ2049,30/01/25,09/02/25,40,0,62.24
ASGN5344,EMP1183,CUST1031,PRJ2021,12/05/23,07/08/23,25,192.15,68.63
ASGN5345,EMP1144,CUST1009,PRJ2034,23/09/23,13/12/23,75,0,57.08
ASGN5346,EMP1001,CUST1018,PRJ2029,27/03/24,03/07/24,75,124.13,47.96
ASGN5347,EMP1034,CUST1036,PRJ2031,15/06/24,02/07/24,20,135.07,106.04
ASGN5348,EMP1027,CUST1036,PRJ2031,24/06/24,05/07/24,20,0,106.39
ASGN5349,EMP1127,CUST1024,PRJ2005,19/07/25,12/12/25,50,183.2,40.37
ASGN5350,EMP1010,CUST1009,PRJ2034,31/07/23,03/01/24,10,120.08,30.99
ASGN5351,EMP1144,CUST1026,PRJ2047,17/06/23,30/08/23,30,74.03,87.46
ASGN5352,EMP1023,CUST1049,PRJ2010,27/09/26,05/12/26,10,223.46,148.32
ASGN5353,EMP1035,CUST1001,PRJ2026,26/12/26,17/03/27,40,103.38,131.84
ASGN5354,EMP1142,CUST1003,PRJ2032,06/11/24,20/11/24,30,242.24,68.08
ASGN5355,EMP1187,CUST1017,PRJ2040,19/11/25,14/04/26,100,229.42,44.48
ASGN5356,EMP1009,CUST1047,PRJ2013,08/01/25,05/02/25,100,192.16,129.69
ASGN5357,EMP1137,CUST1044,PRJ2042,12/12/25,27/02/26,75,0,79.43
ASGN5358,EMP1080,CUST1032,PRJ2043,13/12/24,29/12/24,75,124.38,124.04
ASGN5359,EMP1145,CUST1037,PRJ2000,22/02/26,12/05/26,40,133.54,97.61
ASGN5360,EMP1192,CUST1037,PRJ2000,27/02/26,14/05/26,10,0,74.71
ASGN5361,EMP1013,CUST1012,PRJ2044,23/05/25,31/05/25,75,246.27,143.91
ASGN5362,EMP1147,CUST1037,PRJ2016,06/06/23,11/06/23,30,104.27,113.54
ASGN5363,EMP1037,CUST1048,PRJ2003,08/02/24,01/03/24,50,76.31,75.88
ASGN5364,EMP1002,CUST1044,PRJ2042,24/01/26,15/04/26,25,110.24,97.41
ASGN5365,EMP1051,CUST1012,PRJ2044,10/04/25,10/05/25,40,171.29,94.36
ASGN5366,EMP1002,CUST1000,PRJ2020,19/01/25,25/01/25,10,191.58,53.22
ASGN5367,EMP1126,CUST1037,PRJ2027,25/08/25,22/09/25,60,147.94,120.68
ASGN5368,EMP1071,CUST1045,PRJ2025,17/11/25,12/02/26,20,189.1,61.38
ASGN5369,EMP1161,CUST1048,PRJ2003,14/09/23,27/02/24,75,0,141.61
ASGN5370,EMP1172,CUST1036,PRJ2031,01/07/24,08/07/24,20,95.02,85.94
ASGN5371,EMP1007,CUST1000,PRJ2020,20/01/25,29/01/25,20,108.37,127.93
ASGN5372,EMP1001,CUST1047,PRJ2013,06/11/24,16/11/24,10,0,99.57
ASGN5373,EMP1037,CUST1012,PRJ2044,31/08/24,06/04/25,50,231.91,76.21
ASGN5374,EMP1197,CUST1001,PRJ2026,19/02/27,23/03/27,100,75.62,124.86
ASGN5375,EMP1051,CUST1031,PRJ2048,01/07/24,14/07/24,100,0,102.66
ASGN5376,EMP1186,CUST1037,PRJ2016,29/05/23,19/06/23,10,0,81.86
ASGN5377,EMP1093,CUST1047,PRJ2001,01/02/26,06/07/26,30,78.73,97.52
ASGN5378,EMP1129,CUST1030,PRJ2049,04/12/24,08/02/25,25,73.63,135.21
ASGN5379,EMP1058,CUST1017,PRJ2040,01/12/25,21/06/26,30,162.26,108.7
ASGN5380,EMP1163,CUST1032,PRJ2043,11/07/24,06/02/25,75,115.11,91.26
ASGN5381,EMP1058,CUST1015,PRJ2035,17/07/26,23/02/27,10,235.3,149.28
ASGN5382,EMP1126,CUST1032,PRJ2043,03/12/24,17/01/25,100,0,91.48
ASGN5383,EMP1096,CUST1007,PRJ2002,09/12/25,04/05/26,50,0,45.62
ASGN5384,EMP1051,CUST1026,PRJ2047,17/06/23,22/09/23,30,214.38,134.36
ASGN5385,EMP1177,CUST1037,PRJ2000,30/01/26,20/03/26,75,107.32,64.74
ASGN5386,EMP1050,CUST1003,PRJ2032,03/10/24,31/01/25,20,205.31,73.88
ASGN5387,EMP1068,CUST1036,PRJ2031,20/06/24,07/07/24,30,0,79.71
ASGN5388,EMP1193,CUST1011,PRJ2008,22/05/26,29/05/26,30,0,57.24
ASGN5389,EMP1000,CUST1037,PRJ2000,24/03/26,09/04/26,30,134.07,107.11
ASGN5390,EMP1113,CUST1015,PRJ2035,21/07/26,26/09/26,75,0,117.84
ASGN5391,EMP1043,CUST1007,PRJ2002,24/11/25,30/05/26,50,101.19,108.95
ASGN5392,EMP1111,CUST1000,PRJ2020,30/11/24,17/01/25,100,147.89,144.18
ASGN5393,EMP1047,CUST1009,PRJ2033,07/11/23,13/11/23,25,0,70.64
ASGN5394,EMP1030,CUST1000,PRJ2018,03/04/27,18/06/27,20,0,31.69
ASGN5395,EMP1108,CUST1009,PRJ2034,26/09/23,05/11/23,40,0,60.91
ASGN5396,EMP1002,CUST1046,PRJ2046,21/10/24,18/11/24,40,0,95.66
ASGN5397,EMP1116,CUST1018,PRJ2029,26/02/24,26/06/24,30,112.24,83.03
ASGN5398,EMP1188,CUST1024,PRJ2005,31/08/25,19/01/26,75,0,105.09
ASGN5399,EMP1159,CUST1015,PRJ2004,23/12/23,20/03/24,25,80.05,72.99
ASGN5400,EMP1182,CUST1022,PRJ2038,10/07/26,15/10/26,100,0,142.78
ASGN5401,EMP1110,CUST1009,PRJ2033,16/08/23,21/10/23,75,241.34,46.95
ASGN5402,EMP1130,CUST1045,PRJ2025,10/11/25,06/12/25,30,187.42,100.97
ASGN5403,EMP1005,CUST1009,PRJ2039,19/02/27,07/04/27,100,0,98.46
ASGN5404,EMP1119,CUST1009,PRJ2033,08/08/23,18/09/23,10,0,40.63
ASGN5405,EMP1010,CUST1015,PRJ2004,06/09/23,17/01/24,20,193.08,74.58
ASGN5406,EMP1065,CUST1016,PRJ2019,25/08/26,28/12/26,75,245.23,66.24
ASGN5407,EMP1040,CUST1000,PRJ2020,13/12/24,30/01/25,10,67.8,125.58
ASGN5408,EMP1095,CUST1003,PRJ2032,14/09/24,09/12/24,100,98.78,42.1
ASGN5409,EMP1049,CUST1047,PRJ2013,24/11/24,22/02/25,10,160.02,109.3
ASGN5410,EMP1169,CUST1036,PRJ2031,21/06/24,04/07/24,50,84.44,52.69
ASGN5411,EMP1020,CUST1000,PRJ2020,04/12/24,20/01/25,40,204.87,131.92
ASGN5412,EMP1134,CUST1016,PRJ2030,10/04/23,10/05/23,30,226.76,46.88
ASGN5413,EMP1150,CUST1027,PRJ2022,14/03/25,17/04/25,25,207.51,128.04
ASGN5414,EMP1109,CUST1029,PRJ2006,27/07/26,06/08/26,75,230.36,109.87
ASGN5415,EMP1098,CUST1039,PRJ2037,18/07/26,08/08/26,25,0,59.72
ASGN5416,EMP1045,CUST1001,PRJ2026,27/10/26,28/01/27,60,116.03,74.96
ASGN5417,EMP1113,CUST1030,PRJ2049,24/01/25,02/03/25,10,108.86,90.02
ASGN5418,EMP1117,CUST1011,PRJ2008,04/06/26,19/06/26,100,132.96,37
ASGN5419,EMP1156,CUST1022,PRJ2028,08/10/26,16/10/26,10,117.79,30.08
ASGN5420,EMP1122,CUST1045,PRJ2025,27/12/25,29/01/26,25,176.45,80.23
ASGN5421,EMP1090,CUST1022,PRJ2038,18/08/26,10/09/26,20,153.96,92.59
ASGN5422,EMP1002,CUST1036,PRJ2015,17/05/25,27/05/25,30,0,122.31
ASGN5423,EMP1102,CUST1037,PRJ2000,02/05/26,23/05/26,25,181.42,77.91
ASGN5424,EMP1114,CUST1027,PRJ2022,09/08/24,04/04/25,50,125.03,80.47
ASGN5425,EMP1168,CUST1047,PRJ2001,23/08/26,19/09/26,100,162.86,91.46
ASGN5426,EMP1173,CUST1049,PRJ2010,09/09/26,18/12/26,20,180.95,60.53
ASGN5427,EMP1021,CUST1018,PRJ2029,09/02/24,04/03/24,60,0,51.44
ASGN5428,EMP1093,CUST1018,PRJ2011,04/10/26,28/10/26,25,190.35,76.08
ASGN5429,EMP1163,CUST1015,PRJ2004,02/02/24,26/03/24,100,133.13,130.19
ASGN5430,EMP1060,CUST1035,PRJ2045,12/12/23,24/01/24,75,70.73,38.25
ASGN5431,EMP1138,CUST1024,PRJ2005,25/02/26,15/07/26,50,174.84,37.9
ASGN5432,EMP1145,CUST1004,PRJ2023,19/08/23,22/01/24,10,194.82,113.63
ASGN5433,EMP1184,CUST1012,PRJ2044,10/12/24,19/04/25,10,69.4,116.82
ASGN5434,EMP1043,CUST1016,PRJ2030,13/05/23,25/06/23,75,67.52,118.53
ASGN5435,EMP1167,CUST1047,PRJ2013,05/02/25,11/02/25,25,0,144.03
ASGN5436,EMP1105,CUST1036,PRJ2015,11/04/25,27/05/25,20,102.68,57.68
ASGN5437,EMP1182,CUST1048,PRJ2003,04/01/24,20/03/24,40,89.88,107.11
ASGN5438,EMP1080,CUST1049,PRJ2036,28/05/26,15/06/26,50,217.43,96.62
ASGN5439,EMP1098,CUST1044,PRJ2042,22/02/26,04/04/26,10,0,112.96
ASGN5440,EMP1045,CUST1009,PRJ2024,21/01/27,23/07/27,40,189.99,144.81
ASGN5441,EMP1170,CUST1016,PRJ2030,22/04/23,08/06/23,25,0,62.18
ASGN5442,EMP1184,CUST1009,PRJ2034,10/02/23,18/06/23,30,186.26,32.69
ASGN5443,EMP1169,CUST1015,PRJ2035,29/10/26,06/12/26,75,0,110.73
ASGN5444,EMP1139,CUST1029,PRJ2006,23/07/26,28/07/26,10,242.2,87.78
ASGN5445,EMP1104,CUST1017,PRJ2040,14/06/26,29/07/26,40,98.51,137.88
ASGN5446,EMP1054,CUST1001,PRJ2026,15/11/26,28/11/26,20,0,134.99
ASGN5447,EMP1058,CUST1000,PRJ2020,29/11/24,26/01/25,60,0,102.64
ASGN5448,EMP1186,CUST1030,PRJ2049,18/12/24,13/02/25,60,0,126.41
ASGN5449,EMP1101,CUST1004,PRJ2023,31/07/23,14/12/23,25,0,129.12
ASGN5450,EMP1180,CUST1012,PRJ2044,24/03/25,03/06/25,40,185.74,126.75
ASGN5451,EMP1001,CUST1049,PRJ2010,22/08/26,08/11/26,10,205.2,66.63
ASGN5452,EMP1088,CUST1029,PRJ2006,16/07/26,01/08/26,75,110.81,32.91
ASGN5453,EMP1198,CUST1007,PRJ2002,13/04/26,17/07/26,10,0,69
ASGN5454,EMP1154,CUST1036,PRJ2015,26/04/25,20/06/25,25,0,53.74
ASGN5455,EMP1062,CUST1044,PRJ2042,07/12/25,23/01/26,10,0,97.91
ASGN5456,EMP1029,CUST1003,PRJ2007,16/05/23,05/06/23,20,187.29,135.59
ASGN5457,EMP1067,CUST1016,PRJ2030,16/04/23,01/05/23,60,128.06,127.9
ASGN5458,EMP1197,CUST1047,PRJ2013,20/11/24,30/11/24,40,210,115.31
ASGN5459,EMP1119,CUST1031,PRJ2048,01/06/24,15/06/24,75,66.33,122.6
ASGN5460,EMP1077,CUST1037,PRJ2016,27/05/23,07/06/23,40,179.03,86.94
ASGN5461,EMP1164,CUST1016,PRJ2019,16/09/26,12/10/26,100,165.11,85.13
ASGN5462,EMP1186,CUST1018,PRJ2029,27/07/24,16/08/24,100,133,116.47
ASGN5463,EMP1189,CUST1009,PRJ2039,05/03/27,21/04/27,75,142.63,68.03
ASGN5464,EMP1087,CUST1009,PRJ2034,27/06/23,22/09/23,30,65.42,40.49
ASGN5465,EMP1100,CUST1048,PRJ2003,08/10/23,02/03/24,25,106.64,73.66
ASGN5466,EMP1059,CUST1025,PRJ2017,02/04/24,23/04/24,10,0,73.36
ASGN5467,EMP1068,CUST1039,PRJ2037,28/08/26,27/09/26,60,0,123.82
ASGN5468,EMP1110,CUST1047,PRJ2001,05/09/26,30/09/26,30,177.74,69.53
ASGN5469,EMP1183,CUST1025,PRJ2017,11/03/24,06/04/24,50,70.7,104.41
ASGN5470,EMP1021,CUST1000,PRJ2018,04/04/27,27/07/27,20,0,72.83
ASGN5471,EMP1101,CUST1044,PRJ2014,04/03/23,17/04/23,30,71.71,100.61
ASGN5472,EMP1137,CUST1000,PRJ2018,06/01/27,20/01/27,50,156.69,71.84
ASGN5473,EMP1080,CUST1045,PRJ2025,08/01/26,25/01/26,10,138.41,73.87
ASGN5474,EMP1165,CUST1044,PRJ2042,06/01/26,16/01/26,75,0,63.23
ASGN5475,EMP1163,CUST1009,PRJ2024,19/04/27,12/05/27,75,170.77,88.4
ASGN5476,EMP1093,CUST1001,PRJ2026,26/02/27,22/03/27,25,161.44,89.79
ASGN5477,EMP1011,CUST1032,PRJ2043,07/10/24,20/01/25,60,143.3,54.81
ASGN5478,EMP1044,CUST1046,PRJ2046,21/09/24,15/10/24,60,71.53,52.82
ASGN5479,EMP1073,CUST1045,PRJ2025,03/03/26,11/03/26,10,0,52.61
ASGN5480,EMP1183,CUST1047,PRJ2001,10/03/26,12/07/26,20,173.62,137.15
ASGN5481,EMP1093,CUST1016,PRJ2030,23/05/23,28/05/23,60,175.41,115.2
ASGN5482,EMP1001,CUST1022,PRJ2038,18/08/26,02/10/26,25,0,63.3
ASGN5483,EMP1007,CUST1049,PRJ2036,11/04/26,29/06/26,60,0,72.46
ASGN5484,EMP1191,CUST1036,PRJ2015,25/05/25,12/06/25,40,0,69.7
ASGN5485,EMP1021,CUST1035,PRJ2045,24/11/23,12/12/23,40,147.49,81.18
ASGN5486,EMP1172,CUST1015,PRJ2004,07/09/23,02/12/23,10,213.16,128.81
ASGN5487,EMP1044,CUST1012,PRJ2044,19/01/25,22/04/25,30,188.43,106.35
ASGN5488,EMP1078,CUST1045,PRJ2025,28/02/26,11/03/26,40,0,132.51
ASGN5489,EMP1007,CUST1016,PRJ2030,23/04/23,05/07/23,50,0,132.93
ASGN5490,EMP1186,CUST1016,PRJ2030,10/05/23,29/05/23,20,172.5,133.71
ASGN5491,EMP1016,CUST1044,PRJ2014,26/03/23,03/05/23,100,237.17,133.51
ASGN5492,EMP1130,CUST1015,PRJ2004,05/04/24,28/04/24,25,242.83,81.29
ASGN5493,EMP1120,CUST1017,PRJ2040,25/09/25,11/11/25,75,101.11,53.28
ASGN5494,EMP1017,CUST1018,PRJ2029,23/01/24,14/08/24,20,0,49.58
ASGN5495,EMP1018,CUST1016,PRJ2019,06/06/26,16/07/26,20,190.46,111.84
ASGN5496,EMP1094,CUST1044,PRJ2042,06/03/26,16/04/26,20,149.13,127.16
ASGN5497,EMP1076,CUST1048,PRJ2003,24/09/23,05/11/23,10,0,65.06
ASGN5498,EMP1080,CUST1017,PRJ2040,20/05/26,05/07/26,25,114.95,90.53
ASGN5499,EMP1039,CUST1044,PRJ2014,29/03/23,21/04/23,100,0,62.39